{
    "accuracy": 0.683377308707124,
    "precision": 0.7289156626506024,
    "recall": 0.6173469387755102,
    "f1_score": 0.6685082872928176
}